"user_id","name","screen_name","location","description","protected","followers_count","friends_count","listed_count","created_at","favourites_count","utc_offset","time_zone","geo_enabled","verified","statuses_count","lang","contributors_enabled","is_translator","is_translation_enabled","profile_background_color","profile_background_image_url","profile_background_image_url_https","profile_background_tile","profile_image_url","profile_image_url_https","profile_image_url.1","profile_image_url_https.1","profile_link_color","profile_sidebar_border_color","profile_sidebar_fill_color","profile_text_color","profile_use_background_image","default_profile","default_profile_image","profile_banner_url"
"19066345","British Museum","britishmuseum","London","A museum of the world, for the world #AmericanDream #Hokusai https://t.co/62S4qPJXt8 House rules: https://t.co/Cuh8WM0b4U",FALSE,1095342,50851,12769,2009-01-16 13:37:33,15219,0,"London",FALSE,TRUE,15372,"en",FALSE,FALSE,FALSE,"000000","http://pbs.twimg.com/profile_background_images/480985997929246721/4J5Q-7Ru.jpeg","https://pbs.twimg.com/profile_background_images/480985997929246721/4J5Q-7Ru.jpeg",FALSE,"http://pbs.twimg.com/profile_images/552394937585500160/BN7fW_Et_normal.jpeg","https://pbs.twimg.com/profile_images/552394937585500160/BN7fW_Et_normal.jpeg","http://pbs.twimg.com/profile_images/552394937585500160/BN7fW_Et_normal.jpeg","https://pbs.twimg.com/profile_images/552394937585500160/BN7fW_Et_normal.jpeg","4C90BD","000000","EDF8FC","333333",TRUE,FALSE,FALSE,"https://pbs.twimg.com/profile_banners/19066345/1488188235"
"11121812","Justin Cooke","justincooke","London, Great Britain","Venture Partner at Tech VC @Northzone, @BIMA Ambassador. NED @FutureLearn, @DigitalTheatre, @NileSays. Board of @BritishMuseum, @AgeUK",FALSE,8586,382,225,2007-12-13 10:13:40,462,0,"London",TRUE,FALSE,1822,"en",FALSE,FALSE,FALSE,"2B2B2B","http://pbs.twimg.com/profile_background_images/639100772/fm72lbl5otnkbfie3cye.jpeg","https://pbs.twimg.com/profile_background_images/639100772/fm72lbl5otnkbfie3cye.jpeg",TRUE,"http://pbs.twimg.com/profile_images/725572219074580480/bCDAnN9p_normal.jpg","https://pbs.twimg.com/profile_images/725572219074580480/bCDAnN9p_normal.jpg","http://pbs.twimg.com/profile_images/725572219074580480/bCDAnN9p_normal.jpg","https://pbs.twimg.com/profile_images/725572219074580480/bCDAnN9p_normal.jpg","ABB8C2","DE0202","FCFCFD","171717",TRUE,FALSE,FALSE,"https://pbs.twimg.com/profile_banners/11121812/1398871895"
"12640312","Daniel Pett","DEJPett","ŒòŒ¨ŒªŒ±œÉœÉŒ±","@britishmuseum's Digital Humanities Lead. Hon. UCL lecturer, FSA, FRGS #citizenscience scuba, rugby, geo, #archaeology,  #numismatics, #3d Team @micropasts.",FALSE,5519,2121,371,2008-01-24 14:22:24,4601,0,"London",TRUE,TRUE,37199,"en",FALSE,FALSE,FALSE,"1A1B1F","http://pbs.twimg.com/profile_background_images/443384228072288256/BJnw040K.jpeg","https://pbs.twimg.com/profile_background_images/443384228072288256/BJnw040K.jpeg",TRUE,"http://pbs.twimg.com/profile_images/650452688325505024/Asqxeg1E_normal.jpg","https://pbs.twimg.com/profile_images/650452688325505024/Asqxeg1E_normal.jpg","http://pbs.twimg.com/profile_images/650452688325505024/Asqxeg1E_normal.jpg","https://pbs.twimg.com/profile_images/650452688325505024/Asqxeg1E_normal.jpg","1B95E0","FFFFFF","252429","666666",TRUE,FALSE,FALSE,"https://pbs.twimg.com/profile_banners/12640312/1471702111"
"36624540","The Montague Hotel","Montague_Hotel","London Bloomsbury","A luxury boutique 4-star hotel adjacent to @BritishMuseum in Bloomsbury #London. Overlooking private gardens with alfresco dining, Beach Bar & Ski Lodge",FALSE,3927,1131,136,2009-04-30 08:40:12,1363,0,"London",TRUE,FALSE,2346,"en",FALSE,FALSE,FALSE,"FFFFFF","http://pbs.twimg.com/profile_background_images/863441249/8ff6b852342c8ec4cbe3a1e01c5abeb6.jpeg","https://pbs.twimg.com/profile_background_images/863441249/8ff6b852342c8ec4cbe3a1e01c5abeb6.jpeg",FALSE,"http://pbs.twimg.com/profile_images/724631225349054464/gZw0YKKK_normal.jpg","https://pbs.twimg.com/profile_images/724631225349054464/gZw0YKKK_normal.jpg","http://pbs.twimg.com/profile_images/724631225349054464/gZw0YKKK_normal.jpg","https://pbs.twimg.com/profile_images/724631225349054464/gZw0YKKK_normal.jpg","C20B0B","FFFFFF","B49E6C","333333",TRUE,FALSE,FALSE,"https://pbs.twimg.com/profile_banners/36624540/1487171567"
"17728231","Liam Wyatt","Wittylama","Bologna, Italy","Founder of #GLAMwiki: bringing culture & Wikimedia together. Australian. @EuropeanaEU's Wikimedian. Formerly @nlagovau & @BritishMuseum. Peace, love & metadata!",FALSE,2814,1069,221,2008-11-29 04:48:19,172,39600,"Sydney",TRUE,FALSE,10553,"en",FALSE,FALSE,FALSE,"000000","http://abs.twimg.com/images/themes/theme5/bg.gif","https://abs.twimg.com/images/themes/theme5/bg.gif",FALSE,"http://pbs.twimg.com/profile_images/827893890053263360/HjA5VFAW_normal.jpg","https://pbs.twimg.com/profile_images/827893890053263360/HjA5VFAW_normal.jpg","http://pbs.twimg.com/profile_images/827893890053263360/HjA5VFAW_normal.jpg","https://pbs.twimg.com/profile_images/827893890053263360/HjA5VFAW_normal.jpg","9266CC","000000","000000","000000",FALSE,FALSE,FALSE,"https://pbs.twimg.com/profile_banners/17728231/1402850102"
"17866127","Matt W","soupdragon2000","London, England","#Arts, #culture and #London enthusiast and #ILoveMuseums! Views my own. Currently at @ScienceMuseum. Previously @MuseumOfLondon @BritishMuseum @NationalGallery",FALSE,2752,2750,117,2008-12-04 12:19:53,2583,NA,NA,TRUE,FALSE,13843,"en",FALSE,FALSE,FALSE,"C0DEED","http://abs.twimg.com/images/themes/theme1/bg.png","https://abs.twimg.com/images/themes/theme1/bg.png",FALSE,"http://pbs.twimg.com/profile_images/599943386401898496/aaqedbAI_normal.png","https://pbs.twimg.com/profile_images/599943386401898496/aaqedbAI_normal.png","http://pbs.twimg.com/profile_images/599943386401898496/aaqedbAI_normal.png","https://pbs.twimg.com/profile_images/599943386401898496/aaqedbAI_normal.png","0084B4","FFFFFF","DDEEF6","333333",TRUE,FALSE,FALSE,"https://pbs.twimg.com/profile_banners/17866127/1435229981"
"772290350","Neal Spencer","NealSpencer_BM","British Museum, London","Keeper of Ancient Egypt & Sudan @britishmuseum - Egyptologist - Director of Amara West Research Project - Instagram nealspencer_bm - views my own",FALSE,2616,647,88,2012-08-21 21:24:15,13,0,"London",TRUE,FALSE,1802,"en",FALSE,FALSE,FALSE,"154259","http://pbs.twimg.com/profile_background_images/655412973444407296/RGb_mY9A.jpg","https://pbs.twimg.com/profile_background_images/655412973444407296/RGb_mY9A.jpg",TRUE,"http://pbs.twimg.com/profile_images/655410690904227840/BeXZocDv_normal.jpg","https://pbs.twimg.com/profile_images/655410690904227840/BeXZocDv_normal.jpg","http://pbs.twimg.com/profile_images/655410690904227840/BeXZocDv_normal.jpg","https://pbs.twimg.com/profile_images/655410690904227840/BeXZocDv_normal.jpg","0084B4","FFFFFF","DDEEF6","333333",TRUE,FALSE,FALSE,"https://pbs.twimg.com/profile_banners/772290350/1445097495"
"57133126","Yannick Pucci","ypldn","London","#London Tour Guide specialising in #ArtDeco walks. @BritishMuseum Volunteer. Next tours listed here: https://t.co/p9ayokqXNF. Tweeting as @ArtDecoToursLDN too!",FALSE,2425,1439,115,2009-07-15 20:50:45,153,NA,NA,TRUE,FALSE,49646,"en",FALSE,FALSE,FALSE,"1A1B1F","http://pbs.twimg.com/profile_background_images/883444311/89cc89676ba636aab81ffdeef2e406fa.jpeg","https://pbs.twimg.com/profile_background_images/883444311/89cc89676ba636aab81ffdeef2e406fa.jpeg",TRUE,"http://pbs.twimg.com/profile_images/783251802187821056/2xvsAHLN_normal.jpg","https://pbs.twimg.com/profile_images/783251802187821056/2xvsAHLN_normal.jpg","http://pbs.twimg.com/profile_images/783251802187821056/2xvsAHLN_normal.jpg","https://pbs.twimg.com/profile_images/783251802187821056/2xvsAHLN_normal.jpg","2FC2EF","000000","252429","666666",TRUE,FALSE,FALSE,"https://pbs.twimg.com/profile_banners/57133126/1404773402"
"10866622","Rosie Weetch","rosieweetch","London","Project curator for @Britishmuseum exhibition & @BBCRadio4 series. Material Culture | Archaeology | Museums | All tweets my own",FALSE,2377,817,73,2007-12-05 10:16:16,1340,NA,NA,FALSE,FALSE,1414,"en",FALSE,FALSE,FALSE,"000000","http://abs.twimg.com/images/themes/theme1/bg.png","https://abs.twimg.com/images/themes/theme1/bg.png",FALSE,"http://pbs.twimg.com/profile_images/440150852704010240/SP8Psqgu_normal.jpeg","https://pbs.twimg.com/profile_images/440150852704010240/SP8Psqgu_normal.jpeg","http://pbs.twimg.com/profile_images/440150852704010240/SP8Psqgu_normal.jpeg","https://pbs.twimg.com/profile_images/440150852704010240/SP8Psqgu_normal.jpeg","1B95E0","000000","000000","000000",FALSE,FALSE,FALSE,"https://pbs.twimg.com/profile_banners/10866622/1453114054"
"2159106924","Sandra","sandra_cortess","Londres ‚úà Valencia   CF","Historiadora del Arte @britishmuseum y periodista.
#VCF",FALSE,2066,979,44,2013-10-27 15:31:33,13081,3600,"Madrid",TRUE,FALSE,12351,"es",FALSE,FALSE,FALSE,"C0DEED","http://pbs.twimg.com/profile_background_images/450322752910544896/j9QL_DE_.jpeg","https://pbs.twimg.com/profile_background_images/450322752910544896/j9QL_DE_.jpeg",TRUE,"http://pbs.twimg.com/profile_images/532539224939962369/lOkQUoR3_normal.jpeg","https://pbs.twimg.com/profile_images/532539224939962369/lOkQUoR3_normal.jpeg","http://pbs.twimg.com/profile_images/532539224939962369/lOkQUoR3_normal.jpeg","https://pbs.twimg.com/profile_images/532539224939962369/lOkQUoR3_normal.jpeg","0084B4","FFFFFF","DDEEF6","333333",TRUE,FALSE,FALSE,"https://pbs.twimg.com/profile_banners/2159106924/1439231799"
"186825368","Anna Garnett","Beket_Aten","Kendal, England","Egyptology PhD @livuni | Museum Professional & #skillsforthefuture curatorial graduate @britishmuseum | Proud Cumbrian | A bit #wool obsessed | All views my own",FALSE,2037,1293,78,2010-09-04 14:21:51,3089,0,"London",TRUE,FALSE,2353,"en",FALSE,FALSE,FALSE,"000000","http://abs.twimg.com/images/themes/theme8/bg.gif","https://abs.twimg.com/images/themes/theme8/bg.gif",FALSE,"http://pbs.twimg.com/profile_images/798511447076728833/9nvzYvGa_normal.jpg","https://pbs.twimg.com/profile_images/798511447076728833/9nvzYvGa_normal.jpg","http://pbs.twimg.com/profile_images/798511447076728833/9nvzYvGa_normal.jpg","https://pbs.twimg.com/profile_images/798511447076728833/9nvzYvGa_normal.jpg","19CF86","000000","000000","000000",FALSE,FALSE,FALSE,"https://pbs.twimg.com/profile_banners/186825368/1473767655"
"474823395","Alice Data","alice_data","London","Data Scientist @BritishMuseum | Trained in quantbio+conservation loves R, science, improv | Proud Introvert #quiet | @RLadiesGlobal co-founder #RLadiesüåç",FALSE,1809,945,276,2012-01-26 11:33:14,3607,0,"Casablanca",FALSE,FALSE,5381,"en",FALSE,FALSE,TRUE,"0099B9","http://pbs.twimg.com/profile_background_images/798424519/adb3ccec9b872ac28461c69435da39ca.jpeg","https://pbs.twimg.com/profile_background_images/798424519/adb3ccec9b872ac28461c69435da39ca.jpeg",TRUE,"http://pbs.twimg.com/profile_images/702830581541945345/_alWt8N0_normal.jpg","https://pbs.twimg.com/profile_images/702830581541945345/_alWt8N0_normal.jpg","http://pbs.twimg.com/profile_images/702830581541945345/_alWt8N0_normal.jpg","https://pbs.twimg.com/profile_images/702830581541945345/_alWt8N0_normal.jpg","3B94D9","FFFFFF","95E8EC","3C3940",TRUE,FALSE,FALSE,"https://pbs.twimg.com/profile_banners/474823395/1428179700"
"39199518","Tim Plyming","timplyming","London, UK","Creator of content, Partner @GreenRockTV Non-Exec Director @thespacearts - previously @bbc @nesta and @britishmuseum. All views my own.",FALSE,1690,1553,82,2009-05-11 05:28:12,1418,-36000,"Hawaii",TRUE,FALSE,2816,"en",FALSE,FALSE,FALSE,"000000","http://abs.twimg.com/images/themes/theme1/bg.png","https://abs.twimg.com/images/themes/theme1/bg.png",FALSE,"http://pbs.twimg.com/profile_images/3235372377/212ce8a35edf7214123e46723b0a9a61_normal.jpeg","https://pbs.twimg.com/profile_images/3235372377/212ce8a35edf7214123e46723b0a9a61_normal.jpeg","http://pbs.twimg.com/profile_images/3235372377/212ce8a35edf7214123e46723b0a9a61_normal.jpeg","https://pbs.twimg.com/profile_images/3235372377/212ce8a35edf7214123e46723b0a9a61_normal.jpeg","FAB81E","000000","000000","000000",FALSE,FALSE,FALSE,"https://pbs.twimg.com/profile_banners/39199518/1478549965"
"2587222063","Interact London","Interact_Conf","London","#InteractLDN: Inspiring UX thinkers | Conference 18-19 Oct '16 - @britishmuseum | #UX #IA #Design #DigitalStrategy | coordinated by @we_are_nomensa",FALSE,1668,997,399,2014-06-25 09:32:53,957,NA,NA,FALSE,FALSE,4762,"en-gb",FALSE,FALSE,FALSE,"FFFFFF","http://abs.twimg.com/images/themes/theme1/bg.png","https://abs.twimg.com/images/themes/theme1/bg.png",FALSE,"http://pbs.twimg.com/profile_images/499215173215715328/rFtfDG4y_normal.png","https://pbs.twimg.com/profile_images/499215173215715328/rFtfDG4y_normal.png","http://pbs.twimg.com/profile_images/499215173215715328/rFtfDG4y_normal.png","https://pbs.twimg.com/profile_images/499215173215715328/rFtfDG4y_normal.png","1B365F","000000","DDEEF6","333333",TRUE,FALSE,FALSE,"https://pbs.twimg.com/profile_banners/2587222063/1448986800"
"2299987059","Sue Brunning","SueBrunningBM","Highbury, London","European Early Medieval Curator @britishmuseum | Sword Geek | Cinephile | Yoga Lover | Porridge Fanatic | Rookie Boxer | North Londoner | All tweets mine",FALSE,1628,934,51,2014-01-23 20:37:28,748,0,"London",TRUE,FALSE,2114,"en",FALSE,FALSE,FALSE,"000000","http://abs.twimg.com/images/themes/theme12/bg.gif","https://abs.twimg.com/images/themes/theme12/bg.gif",FALSE,"http://pbs.twimg.com/profile_images/730345054133489664/5blmv9Uf_normal.jpg","https://pbs.twimg.com/profile_images/730345054133489664/5blmv9Uf_normal.jpg","http://pbs.twimg.com/profile_images/730345054133489664/5blmv9Uf_normal.jpg","https://pbs.twimg.com/profile_images/730345054133489664/5blmv9Uf_normal.jpg","9266CC","000000","000000","000000",FALSE,FALSE,FALSE,"https://pbs.twimg.com/profile_banners/2299987059/1409311603"
"21712589","Faye Nicole Ellis","fayenicole","London, UK","Director of Digital Technology & Apple Teacher @thomassclapham. Ex @BritishMuseum & @BAFTA Youth Board. Computing, STEAM, tech & creativity in education. #FRSA",FALSE,1567,2281,94,2009-02-24 00:33:23,971,0,"London",TRUE,FALSE,2047,"en",FALSE,FALSE,FALSE,"FDB5A7","http://pbs.twimg.com/profile_background_images/455521631109009409/j79UBYF4.png","https://pbs.twimg.com/profile_background_images/455521631109009409/j79UBYF4.png",TRUE,"http://pbs.twimg.com/profile_images/735184803880947713/SLT2pcsi_normal.jpg","https://pbs.twimg.com/profile_images/735184803880947713/SLT2pcsi_normal.jpg","http://pbs.twimg.com/profile_images/735184803880947713/SLT2pcsi_normal.jpg","https://pbs.twimg.com/profile_images/735184803880947713/SLT2pcsi_normal.jpg","FF8C9E","A3887F","DBCCB9","FBEAD0",FALSE,FALSE,FALSE,"https://pbs.twimg.com/profile_banners/21712589/1484233916"
"17388592","PAS in the Marches","PeterReavill","Ludlow, England","Whoa, I'm an archaeologist - Finds Liaison Officer and small finds specialist working with @britishmuseum @findsorguk All views expressed are my own ...",FALSE,1508,1770,152,2008-11-14 15:03:40,20214,0,"Europe/London",FALSE,FALSE,19764,"en",FALSE,FALSE,FALSE,"C0DEED","http://abs.twimg.com/images/themes/theme1/bg.png","https://abs.twimg.com/images/themes/theme1/bg.png",FALSE,"http://pbs.twimg.com/profile_images/621621159801548801/3eOINMSl_normal.jpg","https://pbs.twimg.com/profile_images/621621159801548801/3eOINMSl_normal.jpg","http://pbs.twimg.com/profile_images/621621159801548801/3eOINMSl_normal.jpg","https://pbs.twimg.com/profile_images/621621159801548801/3eOINMSl_normal.jpg","1DA1F2","C0DEED","DDEEF6","333333",TRUE,TRUE,FALSE,"https://pbs.twimg.com/profile_banners/17388592/1437046485"
"2483754170","Elizabeth Galvin","LisaGalvin_BM","London via San Francisco","Curator @BritishMuseum - Anthropologist - Leader: #AfricanRockArt Image Project- interests: visual anthropology, material culture, all things digital",FALSE,1461,665,36,2014-05-08 13:34:00,368,10800,"Baghdad",TRUE,FALSE,594,"en-gb",FALSE,FALSE,FALSE,"C0DEED","http://abs.twimg.com/images/themes/theme1/bg.png","https://abs.twimg.com/images/themes/theme1/bg.png",FALSE,"http://pbs.twimg.com/profile_images/542348686437519360/3SVjB-Fk_normal.jpeg","https://pbs.twimg.com/profile_images/542348686437519360/3SVjB-Fk_normal.jpeg","http://pbs.twimg.com/profile_images/542348686437519360/3SVjB-Fk_normal.jpeg","https://pbs.twimg.com/profile_images/542348686437519360/3SVjB-Fk_normal.jpeg","3B94D9","C0DEED","DDEEF6","333333",TRUE,FALSE,FALSE,"https://pbs.twimg.com/profile_banners/2483754170/1450109603"
"292438922","Lloyd de Beer","LloyddeBeer","London ","Curator @britishmuseum | alabaster enthusiast | frequent visitor to churches great and small | promoter of the fine work of @archassociation | Insta: BMMedieval",FALSE,1378,705,36,2011-05-03 17:06:42,1116,NA,NA,FALSE,FALSE,1672,"en",FALSE,FALSE,FALSE,"C0DEED","http://abs.twimg.com/images/themes/theme1/bg.png","https://abs.twimg.com/images/themes/theme1/bg.png",FALSE,"http://pbs.twimg.com/profile_images/726659757654855685/Pp6ERA_A_normal.jpg","https://pbs.twimg.com/profile_images/726659757654855685/Pp6ERA_A_normal.jpg","http://pbs.twimg.com/profile_images/726659757654855685/Pp6ERA_A_normal.jpg","https://pbs.twimg.com/profile_images/726659757654855685/Pp6ERA_A_normal.jpg","1DA1F2","C0DEED","DDEEF6","333333",TRUE,TRUE,FALSE,"https://pbs.twimg.com/profile_banners/292438922/1469781684"
"205319813","Elena Saura","elenaruas","Roma-Milano-Madrid-London-SCQ","Digital and Social Media Analyst, museum educator and art historian. @EnelGroup ex @BritishMuseum, @uovo and @Connexia I love Peanuts, art & cyberpunk",FALSE,1303,1505,160,2010-10-20 16:14:34,2285,3600,"Madrid",TRUE,FALSE,2890,"es",FALSE,FALSE,FALSE,"FFFFFF","http://pbs.twimg.com/profile_background_images/378800000175306738/Q_ImwPAr.jpeg","https://pbs.twimg.com/profile_background_images/378800000175306738/Q_ImwPAr.jpeg",TRUE,"http://pbs.twimg.com/profile_images/745741496419254272/YtsbjHRX_normal.jpg","https://pbs.twimg.com/profile_images/745741496419254272/YtsbjHRX_normal.jpg","http://pbs.twimg.com/profile_images/745741496419254272/YtsbjHRX_normal.jpg","https://pbs.twimg.com/profile_images/745741496419254272/YtsbjHRX_normal.jpg","FF0066","000000","7AC3EE","3D1957",TRUE,FALSE,FALSE,"https://pbs.twimg.com/profile_banners/205319813/1390653484"
"2234536038","Neil Wilkin","NWilkinBM","London via Glasgow","Curator of the European Bronze Age collections @britishmuseum, team @Grave__Goods, PhD, FSA Scot: museums, prehistory, public archaeology - tweets my own",FALSE,1271,554,37,2013-12-07 13:38:35,2300,0,"London",TRUE,FALSE,2361,"en",FALSE,FALSE,FALSE,"C0DEED","http://abs.twimg.com/images/themes/theme1/bg.png","https://abs.twimg.com/images/themes/theme1/bg.png",FALSE,"http://pbs.twimg.com/profile_images/826529082485653504/vth3PFvz_normal.jpg","https://pbs.twimg.com/profile_images/826529082485653504/vth3PFvz_normal.jpg","http://pbs.twimg.com/profile_images/826529082485653504/vth3PFvz_normal.jpg","https://pbs.twimg.com/profile_images/826529082485653504/vth3PFvz_normal.jpg","E67410","C0DEED","DDEEF6","333333",TRUE,FALSE,FALSE,"https://pbs.twimg.com/profile_banners/2234536038/1450192258"
"24005983","Jessie Hunt","jessiehunt","Brockley, London","Independent Marketing Consultant. Current: @BritishMuseum. Prev: @Tate, @NPGLondon, @V_and_A +more #arts #audiences #coffee #freelance",FALSE,1232,769,62,2009-03-12 18:58:15,1304,0,"London",TRUE,FALSE,3638,"en",FALSE,FALSE,FALSE,"CF2C23","http://pbs.twimg.com/profile_background_images/38209432/steve-powers-love-letter-project-1.jpg","https://pbs.twimg.com/profile_background_images/38209432/steve-powers-love-letter-project-1.jpg",TRUE,"http://pbs.twimg.com/profile_images/750241630695849984/a5gyxyBs_normal.jpg","https://pbs.twimg.com/profile_images/750241630695849984/a5gyxyBs_normal.jpg","http://pbs.twimg.com/profile_images/750241630695849984/a5gyxyBs_normal.jpg","https://pbs.twimg.com/profile_images/750241630695849984/a5gyxyBs_normal.jpg","ABB8C2","020305","A6CDE6","1D71C4",TRUE,FALSE,FALSE,"https://pbs.twimg.com/profile_banners/24005983/1456009810"
"3311754904","Chris Michaels","chr1sm1chaels","London","Head of Digital & Publishing @britishmuseum.  #strategy #mobile #social #bigdata. All thoughts derivative. All tweets my own.",FALSE,1193,641,79,2015-06-07 09:49:29,1638,NA,NA,TRUE,FALSE,1127,"en",FALSE,FALSE,FALSE,"C0DEED","http://abs.twimg.com/images/themes/theme1/bg.png","https://abs.twimg.com/images/themes/theme1/bg.png",FALSE,"http://pbs.twimg.com/profile_images/746197416412487680/V_l7vDeB_normal.jpg","https://pbs.twimg.com/profile_images/746197416412487680/V_l7vDeB_normal.jpg","http://pbs.twimg.com/profile_images/746197416412487680/V_l7vDeB_normal.jpg","https://pbs.twimg.com/profile_images/746197416412487680/V_l7vDeB_normal.jpg","1DA1F2","C0DEED","DDEEF6","333333",TRUE,TRUE,FALSE,"https://pbs.twimg.com/profile_banners/3311754904/1466742301"
"4416831088","BritishMuseumSchools","BM_Schools","London, England","The @BritishMuseum schools team: news, ideas and conversation. Welcoming primary, secondary and FE schools, educators and teachers to learn through objects.",FALSE,1166,349,27,2015-12-08 14:56:59,500,-28800,"Pacific Time (US & Canada)",FALSE,FALSE,773,"en",FALSE,FALSE,FALSE,"C0DEED","http://abs.twimg.com/images/themes/theme1/bg.png","https://abs.twimg.com/images/themes/theme1/bg.png",FALSE,"http://pbs.twimg.com/profile_images/677842211858464769/JPjEzUni_normal.jpg","https://pbs.twimg.com/profile_images/677842211858464769/JPjEzUni_normal.jpg","http://pbs.twimg.com/profile_images/677842211858464769/JPjEzUni_normal.jpg","https://pbs.twimg.com/profile_images/677842211858464769/JPjEzUni_normal.jpg","1DA1F2","C0DEED","DDEEF6","333333",TRUE,TRUE,FALSE,"https://pbs.twimg.com/profile_banners/4416831088/1449586771"
"95518877","Johanna P√©rez Strand","JohannaPStrand","Madrid. Paris.","I tend to tweet about digital trends, learning, and more. @innedu_es former @britishmuseum @smithsonian",FALSE,1141,2477,102,2009-12-08 22:43:24,1130,3600,"Madrid",TRUE,FALSE,2077,"es",FALSE,FALSE,FALSE,"B2DFDA","http://abs.twimg.com/images/themes/theme13/bg.gif","https://abs.twimg.com/images/themes/theme13/bg.gif",FALSE,"http://pbs.twimg.com/profile_images/729604342932705280/2QXwrfS3_normal.jpg","https://pbs.twimg.com/profile_images/729604342932705280/2QXwrfS3_normal.jpg","http://pbs.twimg.com/profile_images/729604342932705280/2QXwrfS3_normal.jpg","https://pbs.twimg.com/profile_images/729604342932705280/2QXwrfS3_normal.jpg","93A644","EEEEEE","FFFFFF","333333",TRUE,FALSE,FALSE,"https://pbs.twimg.com/profile_banners/95518877/1367504898"
"733050649","BritishMuseum Images","BMImages_com","London, England","The authoritative source for licensing images from the British Museum. Legal : https://t.co/5Ggke0sVp",FALSE,1074,1137,35,2012-08-02 15:36:44,22,0,"London",FALSE,FALSE,265,"en",FALSE,FALSE,FALSE,"8FA2AA","http://pbs.twimg.com/profile_background_images/834590026/707f4a027405621159a11cdf9b13e1ef.jpeg","https://pbs.twimg.com/profile_background_images/834590026/707f4a027405621159a11cdf9b13e1ef.jpeg",FALSE,"http://pbs.twimg.com/profile_images/2484932470/69b8oke0kib2t6vrq8vq_normal.jpeg","https://pbs.twimg.com/profile_images/2484932470/69b8oke0kib2t6vrq8vq_normal.jpeg","http://pbs.twimg.com/profile_images/2484932470/69b8oke0kib2t6vrq8vq_normal.jpeg","https://pbs.twimg.com/profile_images/2484932470/69b8oke0kib2t6vrq8vq_normal.jpeg","0084B4","FFFFFF","DDEEF6","333333",TRUE,FALSE,FALSE,"https://pbs.twimg.com/profile_banners/733050649/1471965789"
"14714289","James Hunt ÂΩ°‚òÜ","JamesHunt","Milton Keynes & London","Writer, editor and one-man content farm / Editorial Manager for the @BritishMuseum / Film cricket for @denofgeek & @CU_podcast",FALSE,1059,420,50,2008-05-09 15:09:56,6163,0,"London",FALSE,TRUE,33364,"en",FALSE,FALSE,FALSE,"000000","http://abs.twimg.com/images/themes/theme14/bg.gif","https://abs.twimg.com/images/themes/theme14/bg.gif",FALSE,"http://pbs.twimg.com/profile_images/824211166981455872/SNH9w_fe_normal.jpg","https://pbs.twimg.com/profile_images/824211166981455872/SNH9w_fe_normal.jpg","http://pbs.twimg.com/profile_images/824211166981455872/SNH9w_fe_normal.jpg","https://pbs.twimg.com/profile_images/824211166981455872/SNH9w_fe_normal.jpg","4A913C","000000","000000","000000",FALSE,FALSE,FALSE,"https://pbs.twimg.com/profile_banners/14714289/1448457164"
"2414036778","Jennifer Wexler","JWexlerBM","London, UK","Explorer of forgotten objects/places. Digital Research Projects @britishmuseum @MicroPasts @objectjourneys #AfricanRockArt. Digging into secrets of BM archives.",FALSE,1006,626,0,2014-03-27 10:33:49,4950,NA,NA,FALSE,FALSE,8836,"en",FALSE,FALSE,FALSE,"000000","http://abs.twimg.com/images/themes/theme1/bg.png","https://abs.twimg.com/images/themes/theme1/bg.png",FALSE,"http://pbs.twimg.com/profile_images/505307821919830016/0weGVSEz_normal.jpeg","https://pbs.twimg.com/profile_images/505307821919830016/0weGVSEz_normal.jpeg","http://pbs.twimg.com/profile_images/505307821919830016/0weGVSEz_normal.jpeg","https://pbs.twimg.com/profile_images/505307821919830016/0weGVSEz_normal.jpeg","1B95E0","000000","000000","000000",FALSE,FALSE,FALSE,"https://pbs.twimg.com/profile_banners/2414036778/1409310809"
"15690463","Lena Zimmer","Lena214","London and Germany","Freelance marketeer #StagingaRevolution w/ @bfreetheatre & @GoodChanceCal. Former @Tate @BritishMuseum @NationalTheatre & @ntSHED Supporter of kindness.",FALSE,979,1734,48,2008-08-01 15:46:02,289,0,"London",TRUE,FALSE,1685,"en",FALSE,FALSE,FALSE,"B2DFDA","http://pbs.twimg.com/profile_background_images/633238916/emzuujnvuln8pg2bjqar.jpeg","https://pbs.twimg.com/profile_background_images/633238916/emzuujnvuln8pg2bjqar.jpeg",TRUE,"http://pbs.twimg.com/profile_images/705334728992415744/EjaXWZP2_normal.jpg","https://pbs.twimg.com/profile_images/705334728992415744/EjaXWZP2_normal.jpg","http://pbs.twimg.com/profile_images/705334728992415744/EjaXWZP2_normal.jpg","https://pbs.twimg.com/profile_images/705334728992415744/EjaXWZP2_normal.jpg","E324DD","FFFFFF","FFFFFF","333333",TRUE,FALSE,FALSE,"https://pbs.twimg.com/profile_banners/15690463/1470494601"
"3351565035","Amelia Dowler","amelia_dowler","London","Curator of Greek and Roman Provincial Coins @britishmuseum tweeting about numismatics and anything else that catches my eye. All views my own!",FALSE,879,590,53,2015-06-30 10:23:23,258,NA,NA,FALSE,FALSE,5738,"en-gb",FALSE,FALSE,FALSE,"ACDED6","http://pbs.twimg.com/profile_background_images/616163784328114176/7lb7GD4J.jpg","https://pbs.twimg.com/profile_background_images/616163784328114176/7lb7GD4J.jpg",TRUE,"http://pbs.twimg.com/profile_images/616282171595210752/FOl_QWH9_normal.jpg","https://pbs.twimg.com/profile_images/616282171595210752/FOl_QWH9_normal.jpg","http://pbs.twimg.com/profile_images/616282171595210752/FOl_QWH9_normal.jpg","https://pbs.twimg.com/profile_images/616282171595210752/FOl_QWH9_normal.jpg","038543","000000","000000","000000",TRUE,FALSE,FALSE,"https://pbs.twimg.com/profile_banners/3351565035/1435740208"
"29707298","Andrew Shore","andrew_shore","London","Copywriter, editor, music lover. Marketing, creative, social media @britishmuseum. All tweets are (probably) my own views.",FALSE,790,1787,41,2009-04-08 12:52:05,1593,NA,NA,FALSE,FALSE,4152,"en",FALSE,FALSE,FALSE,"9AE4E8","http://pbs.twimg.com/profile_background_images/7938694/4003fg.jpg","https://pbs.twimg.com/profile_background_images/7938694/4003fg.jpg",TRUE,"http://pbs.twimg.com/profile_images/577234088228179968/leT0d_4b_normal.jpeg","https://pbs.twimg.com/profile_images/577234088228179968/leT0d_4b_normal.jpeg","http://pbs.twimg.com/profile_images/577234088228179968/leT0d_4b_normal.jpeg","https://pbs.twimg.com/profile_images/577234088228179968/leT0d_4b_normal.jpeg","0084B4","475440","CCCEFF","333333",TRUE,FALSE,FALSE,"https://pbs.twimg.com/profile_banners/29707298/1397069863"
"3041136611","Details, Details","drawingdetails",NA,"Curator in the Prints & Drawings department @BritishMuseum. Posting weekly details of drawings. All views my own, all drawings the BM's.",FALSE,773,1126,24,2015-02-16 17:49:50,338,-28800,"Pacific Time (US & Canada)",FALSE,FALSE,315,"en",FALSE,FALSE,FALSE,"000000","http://abs.twimg.com/images/themes/theme1/bg.png","https://abs.twimg.com/images/themes/theme1/bg.png",FALSE,"http://pbs.twimg.com/profile_images/567388399313502208/7xq3PKuj_normal.jpeg","https://pbs.twimg.com/profile_images/567388399313502208/7xq3PKuj_normal.jpeg","http://pbs.twimg.com/profile_images/567388399313502208/7xq3PKuj_normal.jpeg","https://pbs.twimg.com/profile_images/567388399313502208/7xq3PKuj_normal.jpeg","4A913C","000000","000000","000000",FALSE,FALSE,FALSE,"https://pbs.twimg.com/profile_banners/3041136611/1424111229"
"1344776154","Sushma Jansari","SushmaJansari","London, England","Curator Asian Ethnographic & South Asia Collections @BritishMuseum | Hotung Gallery refurbishment | Hon.Jt.-Sec. Royal Numismatic Society | My Tweets",FALSE,748,648,45,2013-04-11 16:45:58,3081,0,"London",TRUE,FALSE,4697,"en",FALSE,FALSE,FALSE,"C0DEED","http://abs.twimg.com/images/themes/theme1/bg.png","https://abs.twimg.com/images/themes/theme1/bg.png",FALSE,"http://pbs.twimg.com/profile_images/486222707126575106/QXgnwtRC_normal.jpeg","https://pbs.twimg.com/profile_images/486222707126575106/QXgnwtRC_normal.jpeg","http://pbs.twimg.com/profile_images/486222707126575106/QXgnwtRC_normal.jpeg","https://pbs.twimg.com/profile_images/486222707126575106/QXgnwtRC_normal.jpeg","0084B4","C0DEED","DDEEF6","333333",TRUE,FALSE,FALSE,"https://pbs.twimg.com/profile_banners/1344776154/1404761099"
"194221180","Josephine Weisflog","jnweisflog","London, England","Digital Product Manager @britishmuseum. Formerly @museumsportal @CREATIVEBERLIN. I like museums and words. I eat dessert first. Views my own.",FALSE,690,862,79,2010-09-23 18:34:54,863,3600,"Bern",TRUE,FALSE,1938,"en",FALSE,FALSE,FALSE,"FFFFFF","http://abs.twimg.com/images/themes/theme14/bg.gif","https://abs.twimg.com/images/themes/theme14/bg.gif",TRUE,"http://pbs.twimg.com/profile_images/580118487802216448/iKBC2rWy_normal.jpg","https://pbs.twimg.com/profile_images/580118487802216448/iKBC2rWy_normal.jpg","http://pbs.twimg.com/profile_images/580118487802216448/iKBC2rWy_normal.jpg","https://pbs.twimg.com/profile_images/580118487802216448/iKBC2rWy_normal.jpg","05A9A9","EEEEEE","EFEFEF","333333",TRUE,FALSE,FALSE,"https://pbs.twimg.com/profile_banners/194221180/1471383837"
"159053254","Elena Jones","sodiumjones","Hornsey Rise, London","Assistant Collections Manager, Loans & Display @BritishMuseum studied at UCL, obsessed with primates, hominin evolution and natural history. Opinions my own.",FALSE,686,1695,29,2010-06-24 09:37:50,2051,0,"London",TRUE,FALSE,8156,"en",FALSE,FALSE,FALSE,"21A362","http://pbs.twimg.com/profile_background_images/166271008/holiday.jpg","https://pbs.twimg.com/profile_background_images/166271008/holiday.jpg",FALSE,"http://pbs.twimg.com/profile_images/773089773275734016/bv0k83Wr_normal.jpg","https://pbs.twimg.com/profile_images/773089773275734016/bv0k83Wr_normal.jpg","http://pbs.twimg.com/profile_images/773089773275734016/bv0k83Wr_normal.jpg","https://pbs.twimg.com/profile_images/773089773275734016/bv0k83Wr_normal.jpg","FF0000","F2E195","FFF7CC","0C3E53",TRUE,FALSE,FALSE,"https://pbs.twimg.com/profile_banners/159053254/1473153943"
"636957907","Catherine Daunt","CatherineDaunt","London","Art historian & curator. Prints and Drawings Project Curator @britishmuseum. PhD from Sussex. Interests include prints, portraits, collectors/ions, display.",FALSE,646,815,29,2012-07-16 13:00:12,766,NA,NA,FALSE,FALSE,894,"en",FALSE,FALSE,FALSE,"C0DEED","http://abs.twimg.com/images/themes/theme1/bg.png","https://abs.twimg.com/images/themes/theme1/bg.png",FALSE,"http://pbs.twimg.com/profile_images/378800000312260875/400c146f23e7fa7d6236e2d72cf8df19_normal.jpeg","https://pbs.twimg.com/profile_images/378800000312260875/400c146f23e7fa7d6236e2d72cf8df19_normal.jpeg","http://pbs.twimg.com/profile_images/378800000312260875/400c146f23e7fa7d6236e2d72cf8df19_normal.jpeg","https://pbs.twimg.com/profile_images/378800000312260875/400c146f23e7fa7d6236e2d72cf8df19_normal.jpeg","1DA1F2","C0DEED","DDEEF6","333333",TRUE,TRUE,FALSE,"https://pbs.twimg.com/profile_banners/636957907/1474241006"
"24537983","Jane Findlay","autumnjane","London, UK","Most likely found chatting about museums, digital, Japan, stationery, running, coffee... Head of Schools and Young Audiences @Britishmuseum Views are mine.",FALSE,642,803,31,2009-03-15 15:33:50,550,NA,NA,TRUE,FALSE,4283,"en",FALSE,FALSE,FALSE,"BADFCD","http://abs.twimg.com/images/themes/theme12/bg.gif","https://abs.twimg.com/images/themes/theme12/bg.gif",FALSE,"http://pbs.twimg.com/profile_images/595334791081369601/FGEd9AIZ_normal.jpg","https://pbs.twimg.com/profile_images/595334791081369601/FGEd9AIZ_normal.jpg","http://pbs.twimg.com/profile_images/595334791081369601/FGEd9AIZ_normal.jpg","https://pbs.twimg.com/profile_images/595334791081369601/FGEd9AIZ_normal.jpg","FF0000","F2E195","FFF7CC","0C3E53",TRUE,FALSE,FALSE,"https://pbs.twimg.com/profile_banners/24537983/1348179443"
"101563846","Pamela Peter-Agbia","mynameispamela","London, England","Writer, editor and producer. I like art, tech, brands and Beyonce | Currently: Digital @Ogilvy üåç Previously: @britishmuseum + @BBC @thespacearts.",FALSE,627,1121,16,2010-01-03 20:23:57,2086,0,"London",TRUE,FALSE,1985,"en",FALSE,FALSE,FALSE,"C0DEED","http://pbs.twimg.com/profile_background_images/807132459/fbc2c98b7300782fbfe4f03254a133cc.jpeg","https://pbs.twimg.com/profile_background_images/807132459/fbc2c98b7300782fbfe4f03254a133cc.jpeg",TRUE,"http://pbs.twimg.com/profile_images/598449540455342080/F8CaRHZf_normal.jpg","https://pbs.twimg.com/profile_images/598449540455342080/F8CaRHZf_normal.jpg","http://pbs.twimg.com/profile_images/598449540455342080/F8CaRHZf_normal.jpg","https://pbs.twimg.com/profile_images/598449540455342080/F8CaRHZf_normal.jpg","FAB81E","FFFFFF","DDEEF6","333333",TRUE,FALSE,FALSE,"https://pbs.twimg.com/profile_banners/101563846/1399540174"
"260261695","Nicola Elvin","nikkielvin","London","Press & PR Manager @britishmuseum. Tweet on the arts, history, heritage, hiking and #QPR All opinions my own.",FALSE,618,956,27,2011-03-03 14:43:37,816,0,"London",TRUE,FALSE,2502,"en",FALSE,FALSE,FALSE,"C0DEED","http://pbs.twimg.com/profile_background_images/256534297/cath_two.jpg","https://pbs.twimg.com/profile_background_images/256534297/cath_two.jpg",TRUE,"http://pbs.twimg.com/profile_images/813898318363455488/CoBc_lWM_normal.jpg","https://pbs.twimg.com/profile_images/813898318363455488/CoBc_lWM_normal.jpg","http://pbs.twimg.com/profile_images/813898318363455488/CoBc_lWM_normal.jpg","https://pbs.twimg.com/profile_images/813898318363455488/CoBc_lWM_normal.jpg","0084B4","C0DEED","DDEEF6","333333",TRUE,FALSE,FALSE,"https://pbs.twimg.com/profile_banners/260261695/1473113297"
"4034502034","A. Masson-Berghoff","aurelia_masson","London, England","Exhibition Curator for #SunkenCities @britishmuseum
Field director Priests' Quarter, Temple of Karnak 
Egyptologist for the Naukratis project",FALSE,583,86,0,2015-10-24 21:51:10,3400,0,"London",FALSE,FALSE,643,"en-gb",FALSE,FALSE,FALSE,"C0DEED","http://abs.twimg.com/images/themes/theme1/bg.png","https://abs.twimg.com/images/themes/theme1/bg.png",FALSE,"http://pbs.twimg.com/profile_images/658058082812084224/xju5arg9_normal.jpg","https://pbs.twimg.com/profile_images/658058082812084224/xju5arg9_normal.jpg","http://pbs.twimg.com/profile_images/658058082812084224/xju5arg9_normal.jpg","https://pbs.twimg.com/profile_images/658058082812084224/xju5arg9_normal.jpg","1DA1F2","C0DEED","DDEEF6","333333",TRUE,TRUE,FALSE,NA
"600283335","Hannah Thomas","RareLibrarian1","London, UK","Librarian, ALRC @BritishMuseum. Tweets #rarebooks & #speccolls, libraries, F1, veggies, cake & mash potato. All views my own.",FALSE,577,524,32,2012-06-05 15:45:02,341,0,"London",FALSE,FALSE,1936,"en",FALSE,FALSE,FALSE,"000000","http://abs.twimg.com/images/themes/theme13/bg.gif","https://abs.twimg.com/images/themes/theme13/bg.gif",FALSE,"http://pbs.twimg.com/profile_images/539157817555316737/dTZ0FJXT_normal.jpeg","https://pbs.twimg.com/profile_images/539157817555316737/dTZ0FJXT_normal.jpeg","http://pbs.twimg.com/profile_images/539157817555316737/dTZ0FJXT_normal.jpeg","https://pbs.twimg.com/profile_images/539157817555316737/dTZ0FJXT_normal.jpeg","4A913C","000000","000000","000000",FALSE,FALSE,FALSE,"https://pbs.twimg.com/profile_banners/600283335/1417380142"
"523160270","Hilary Lewis Ruttley","HilaryRuttley","Wimbledon, London","#Founder of Calm Energy #Yoga - Based in #Wimbledon Village | Arts & Culture in #International #relations | #guestCurator @britishmuseum | Independent scholar",FALSE,566,512,76,2012-03-13 11:40:15,190,0,"London",TRUE,FALSE,392,"en",FALSE,FALSE,FALSE,"C0DEED","http://pbs.twimg.com/profile_background_images/609276718/x39ec5acf2e725f0adba81a50efaef73.png","https://pbs.twimg.com/profile_background_images/609276718/x39ec5acf2e725f0adba81a50efaef73.png",TRUE,"http://pbs.twimg.com/profile_images/814541525879234565/YgqT11Hn_normal.jpg","https://pbs.twimg.com/profile_images/814541525879234565/YgqT11Hn_normal.jpg","http://pbs.twimg.com/profile_images/814541525879234565/YgqT11Hn_normal.jpg","https://pbs.twimg.com/profile_images/814541525879234565/YgqT11Hn_normal.jpg","981CEB","C0DEED","DDEEF6","0084B4",TRUE,FALSE,FALSE,"https://pbs.twimg.com/profile_banners/523160270/1482946067"
"941474083","Ed Lawless","LawlessEd","London, England","Freelancer in digital & learning at @BritishMuseum, @DickensMuseum, @The_CityCentre & @MuseumofLondon ""These words are my own"" N. Bedingfield",FALSE,528,567,24,2012-11-11 14:52:18,397,0,"London",FALSE,FALSE,809,"en",FALSE,FALSE,FALSE,"C0DEED","http://abs.twimg.com/images/themes/theme1/bg.png","https://abs.twimg.com/images/themes/theme1/bg.png",FALSE,"http://pbs.twimg.com/profile_images/728352243766939648/-p5Jv4fv_normal.jpg","https://pbs.twimg.com/profile_images/728352243766939648/-p5Jv4fv_normal.jpg","http://pbs.twimg.com/profile_images/728352243766939648/-p5Jv4fv_normal.jpg","https://pbs.twimg.com/profile_images/728352243766939648/-p5Jv4fv_normal.jpg","FF691F","C0DEED","DDEEF6","333333",TRUE,FALSE,FALSE,"https://pbs.twimg.com/profile_banners/941474083/1477691775"
"74844497","Alex Peters","alexpeterss","London / Bath","Content Marketer. Marketing/brand @GreenParkBraz & @BathPizzaCo. Previously in house @BritishMuseum & agency side @Parallax",FALSE,514,345,42,2009-09-16 21:34:16,458,0,"London",FALSE,FALSE,1740,"en",FALSE,FALSE,FALSE,"C0DEED","http://abs.twimg.com/images/themes/theme1/bg.png","https://abs.twimg.com/images/themes/theme1/bg.png",FALSE,"http://pbs.twimg.com/profile_images/562758797395898368/ZUbPK1iB_normal.png","https://pbs.twimg.com/profile_images/562758797395898368/ZUbPK1iB_normal.png","http://pbs.twimg.com/profile_images/562758797395898368/ZUbPK1iB_normal.png","https://pbs.twimg.com/profile_images/562758797395898368/ZUbPK1iB_normal.png","1DA1F2","C0DEED","DDEEF6","333333",TRUE,TRUE,FALSE,"https://pbs.twimg.com/profile_banners/74844497/1484307608"
"31402764","V Rosie H","rosiesponge","London","Maker of things, textile researcher, cat shepherd, rambler. Assistant Storage Manager AOA @Britishmuseum. All opinions are mine with the exception of Rt's.",FALSE,496,1257,24,2009-04-15 13:11:23,3814,0,"Edinburgh",TRUE,FALSE,2520,"en",FALSE,FALSE,FALSE,"B2DFDA","http://abs.twimg.com/images/themes/theme13/bg.gif","https://abs.twimg.com/images/themes/theme13/bg.gif",FALSE,"http://pbs.twimg.com/profile_images/814527469327945728/MMDWHkOZ_normal.jpg","https://pbs.twimg.com/profile_images/814527469327945728/MMDWHkOZ_normal.jpg","http://pbs.twimg.com/profile_images/814527469327945728/MMDWHkOZ_normal.jpg","https://pbs.twimg.com/profile_images/814527469327945728/MMDWHkOZ_normal.jpg","93A644","EEEEEE","FFFFFF","333333",TRUE,FALSE,FALSE,"https://pbs.twimg.com/profile_banners/31402764/1483398810"
"704743781795536896","Lowri Jones","lowri_m_jones","London, England","Collections Manager (Asia) @britishmuseum. Medical history nerd. Yorkshirewoman. Runner, cyclist, longing for the countryside. Views personal.",FALSE,489,912,15,2016-03-01 19:03:05,598,NA,NA,FALSE,FALSE,873,"en-gb",FALSE,FALSE,FALSE,"F5F8FA",NA,NA,FALSE,"http://pbs.twimg.com/profile_images/704745548029546496/U1JTgprp_normal.jpg","https://pbs.twimg.com/profile_images/704745548029546496/U1JTgprp_normal.jpg","http://pbs.twimg.com/profile_images/704745548029546496/U1JTgprp_normal.jpg","https://pbs.twimg.com/profile_images/704745548029546496/U1JTgprp_normal.jpg","1DA1F2","C0DEED","DDEEF6","333333",TRUE,TRUE,FALSE,"https://pbs.twimg.com/profile_banners/704743781795536896/1458122465"
"2313261144","Elina Rodr√≠guez M.","ElinaRollan","Amara West, Sudan","Conservator and archaeologist. Training in digital heritage. @SpectrumDH conservator. Currently working at #amarawest with the @BritishMuseum team.",FALSE,468,463,25,2014-01-27 08:23:47,2152,NA,NA,FALSE,FALSE,1409,"es",FALSE,FALSE,FALSE,"C0DEED","http://abs.twimg.com/images/themes/theme1/bg.png","https://abs.twimg.com/images/themes/theme1/bg.png",FALSE,"http://pbs.twimg.com/profile_images/697025138542407680/HAQqZm_Z_normal.jpg","https://pbs.twimg.com/profile_images/697025138542407680/HAQqZm_Z_normal.jpg","http://pbs.twimg.com/profile_images/697025138542407680/HAQqZm_Z_normal.jpg","https://pbs.twimg.com/profile_images/697025138542407680/HAQqZm_Z_normal.jpg","1DA1F2","C0DEED","DDEEF6","333333",TRUE,TRUE,FALSE,"https://pbs.twimg.com/profile_banners/2313261144/1478950734"
"15021046","Danny Garside","da5nsy","London","Vision Science / Museum Lighting PhD student @UCL in @3DIMPact+ @seahaCDT. Working on Colour Appearance in a Museum Context w @PhilipsResearch + @britishmuseum",FALSE,460,1105,24,2008-06-05 17:50:15,1240,0,"London",FALSE,FALSE,1675,"en",FALSE,FALSE,FALSE,"C0DEED","http://abs.twimg.com/images/themes/theme1/bg.png","https://abs.twimg.com/images/themes/theme1/bg.png",FALSE,"http://pbs.twimg.com/profile_images/744291402499108864/PyH73Qt5_normal.jpg","https://pbs.twimg.com/profile_images/744291402499108864/PyH73Qt5_normal.jpg","http://pbs.twimg.com/profile_images/744291402499108864/PyH73Qt5_normal.jpg","https://pbs.twimg.com/profile_images/744291402499108864/PyH73Qt5_normal.jpg","1DA1F2","C0DEED","DDEEF6","333333",TRUE,TRUE,FALSE,NA
"1364977724","Richard hobbs","RHobbsBM","London","Curator of Romano-British collections at the British Museum @britishmuseum",FALSE,452,49,12,2013-04-19 17:34:21,28,3600,"Amsterdam",TRUE,FALSE,201,"en",FALSE,FALSE,FALSE,"C0DEED","http://abs.twimg.com/images/themes/theme1/bg.png","https://abs.twimg.com/images/themes/theme1/bg.png",FALSE,"http://pbs.twimg.com/profile_images/3568310786/e029043c3dace4f7975944fafbee5043_normal.jpeg","https://pbs.twimg.com/profile_images/3568310786/e029043c3dace4f7975944fafbee5043_normal.jpeg","http://pbs.twimg.com/profile_images/3568310786/e029043c3dace4f7975944fafbee5043_normal.jpeg","https://pbs.twimg.com/profile_images/3568310786/e029043c3dace4f7975944fafbee5043_normal.jpeg","1DA1F2","C0DEED","DDEEF6","333333",TRUE,TRUE,FALSE,NA
"432233213","Sarah Jaffray","sarah_jaffray","London via Los Angeles","Art Historian/Educator in Prints and Drawings @britishmuseum & @ExploreWellcome. Modernism, process and philosophy; yogi & mom/mum. All opinions are my own.",FALSE,449,823,24,2011-12-09 05:35:09,1200,0,"London",TRUE,FALSE,2194,"en",FALSE,FALSE,FALSE,"C6E2EE","http://pbs.twimg.com/profile_background_images/407904141/IMG_0147_2.jpg","https://pbs.twimg.com/profile_background_images/407904141/IMG_0147_2.jpg",TRUE,"http://pbs.twimg.com/profile_images/835160274235715584/l9kYZUXb_normal.jpg","https://pbs.twimg.com/profile_images/835160274235715584/l9kYZUXb_normal.jpg","http://pbs.twimg.com/profile_images/835160274235715584/l9kYZUXb_normal.jpg","https://pbs.twimg.com/profile_images/835160274235715584/l9kYZUXb_normal.jpg","1F98C7","C6E2EE","DAECF4","663B12",TRUE,FALSE,FALSE,"https://pbs.twimg.com/profile_banners/432233213/1479695354"
"3182568940","Eleanor Ghey","EleanorGhey",NA,"Project curator @BritishMuseum working with Romano-British collections. All views my own",FALSE,447,223,8,2015-04-19 09:25:41,268,NA,NA,FALSE,FALSE,404,"en",FALSE,FALSE,FALSE,"000000","http://abs.twimg.com/images/themes/theme1/bg.png","https://abs.twimg.com/images/themes/theme1/bg.png",FALSE,"http://pbs.twimg.com/profile_images/669611466220290052/5L9TVIv1_normal.jpg","https://pbs.twimg.com/profile_images/669611466220290052/5L9TVIv1_normal.jpg","http://pbs.twimg.com/profile_images/669611466220290052/5L9TVIv1_normal.jpg","https://pbs.twimg.com/profile_images/669611466220290052/5L9TVIv1_normal.jpg","4A913C","000000","000000","000000",FALSE,FALSE,FALSE,"https://pbs.twimg.com/profile_banners/3182568940/1448482865"
"63073951","Susan Raikes","sraikes","England, United Kingdom","Tweets about museums, romans, education, swimming and rhinoceroses. Not necessarily in that order...Work @britishmuseum, views etc my own.",FALSE,444,1038,18,2009-08-05 08:26:43,1568,NA,NA,TRUE,FALSE,1049,"en",FALSE,FALSE,FALSE,"000000","http://abs.twimg.com/images/themes/theme1/bg.png","https://abs.twimg.com/images/themes/theme1/bg.png",FALSE,"http://pbs.twimg.com/profile_images/777959145450377216/fNXSDgxG_normal.jpg","https://pbs.twimg.com/profile_images/777959145450377216/fNXSDgxG_normal.jpg","http://pbs.twimg.com/profile_images/777959145450377216/fNXSDgxG_normal.jpg","https://pbs.twimg.com/profile_images/777959145450377216/fNXSDgxG_normal.jpg","19CF86","000000","000000","000000",FALSE,FALSE,FALSE,"https://pbs.twimg.com/profile_banners/63073951/1472125837"
"756248840","Thomas J T Williams","Battlescapes","London","Writer and historian; curator of early medieval coins @britishmuseum; opinions are my own.",FALSE,442,349,12,2012-08-14 01:59:40,66,NA,NA,FALSE,FALSE,1050,"en",FALSE,FALSE,FALSE,"1A1B1F","http://abs.twimg.com/images/themes/theme9/bg.gif","https://abs.twimg.com/images/themes/theme9/bg.gif",FALSE,"http://pbs.twimg.com/profile_images/630765965286998017/hjsLniXa_normal.jpg","https://pbs.twimg.com/profile_images/630765965286998017/hjsLniXa_normal.jpg","http://pbs.twimg.com/profile_images/630765965286998017/hjsLniXa_normal.jpg","https://pbs.twimg.com/profile_images/630765965286998017/hjsLniXa_normal.jpg","ED982F","FFFFFF","252429","666666",TRUE,FALSE,FALSE,"https://pbs.twimg.com/profile_banners/756248840/1429188207"
"3731709797","Jonathan Taylor","JonTaylor_BM","London, England","Curator, Cuneiform @britishmuseum. Views my own. Tweeting about cuneiform, Mesopotamia, museums and heritage, writing and language, digital humanities",FALSE,442,260,12,2015-09-21 20:32:24,93,0,"UTC",FALSE,FALSE,352,"en-gb",FALSE,FALSE,FALSE,"C0DEED","http://abs.twimg.com/images/themes/theme1/bg.png","https://abs.twimg.com/images/themes/theme1/bg.png",FALSE,"http://pbs.twimg.com/profile_images/667329645730099201/fbKZFZ73_normal.jpg","https://pbs.twimg.com/profile_images/667329645730099201/fbKZFZ73_normal.jpg","http://pbs.twimg.com/profile_images/667329645730099201/fbKZFZ73_normal.jpg","https://pbs.twimg.com/profile_images/667329645730099201/fbKZFZ73_normal.jpg","1DA1F2","C0DEED","DDEEF6","333333",TRUE,TRUE,FALSE,"https://pbs.twimg.com/profile_banners/3731709797/1447941714"
"415601313","Ilona Regulski","ilonareg","London - Berlin - Cairo","Egyptologist - Curator @britishmuseum",FALSE,436,86,6,2011-11-18 15:14:18,28,0,"London",TRUE,FALSE,510,"en",FALSE,FALSE,FALSE,"000000","http://abs.twimg.com/images/themes/theme9/bg.gif","https://abs.twimg.com/images/themes/theme9/bg.gif",FALSE,"http://pbs.twimg.com/profile_images/378800000761211747/a2ebc4bbdd3442188e2a8c15600e3672_normal.jpeg","https://pbs.twimg.com/profile_images/378800000761211747/a2ebc4bbdd3442188e2a8c15600e3672_normal.jpeg","http://pbs.twimg.com/profile_images/378800000761211747/a2ebc4bbdd3442188e2a8c15600e3672_normal.jpeg","https://pbs.twimg.com/profile_images/378800000761211747/a2ebc4bbdd3442188e2a8c15600e3672_normal.jpeg","ABB8C2","000000","000000","000000",FALSE,FALSE,FALSE,"https://pbs.twimg.com/profile_banners/415601313/1465858349"
"1374338796","Irene Tortorella","irenetortorell4","London ","#citylis interested in #infobehaviour #koreanstudies #musedata #openglam. Visitor Insights @britishmuseum, formerly Visitor Experience @tate. Views my own.",FALSE,434,1444,27,2013-04-23 10:35:37,1205,NA,NA,TRUE,FALSE,1088,"it",FALSE,FALSE,FALSE,"C0DEED","http://pbs.twimg.com/profile_background_images/850388101/b546531136954bacf90536c15856e0b1.jpeg","https://pbs.twimg.com/profile_background_images/850388101/b546531136954bacf90536c15856e0b1.jpeg",FALSE,"http://pbs.twimg.com/profile_images/628605341467561984/O8NUYHXD_normal.jpg","https://pbs.twimg.com/profile_images/628605341467561984/O8NUYHXD_normal.jpg","http://pbs.twimg.com/profile_images/628605341467561984/O8NUYHXD_normal.jpg","https://pbs.twimg.com/profile_images/628605341467561984/O8NUYHXD_normal.jpg","DD2E44","FFFFFF","DDEEF6","333333",FALSE,FALSE,FALSE,"https://pbs.twimg.com/profile_banners/1374338796/1474112367"
"24873323","Laura Ward","lauracward","London, England","Development (fundraising) Operations at @britishmuseum. All my own views.",TRUE,397,304,16,2009-03-17 12:23:00,421,0,"London",FALSE,FALSE,620,"en",FALSE,FALSE,FALSE,"ABB8C2","http://pbs.twimg.com/profile_background_images/481837281/xd7e441424e926023236c350e1f163b3.png","https://pbs.twimg.com/profile_background_images/481837281/xd7e441424e926023236c350e1f163b3.png",FALSE,"http://pbs.twimg.com/profile_images/733599358654914560/6WCTyfdM_normal.jpg","https://pbs.twimg.com/profile_images/733599358654914560/6WCTyfdM_normal.jpg","http://pbs.twimg.com/profile_images/733599358654914560/6WCTyfdM_normal.jpg","https://pbs.twimg.com/profile_images/733599358654914560/6WCTyfdM_normal.jpg","ABB8C2","290B35","D61A56","F14D4C",FALSE,FALSE,FALSE,"https://pbs.twimg.com/profile_banners/24873323/1421932127"
"1465579280","Joel Fagan","JoelFagan1","Paisley, Scotland","Current = Collections Assistant at Paisley Museum. Past = Assistant Collections Manager of Egypt & Sudan at The British Museum. @britishmuseum Alumni of @agms10",FALSE,382,557,11,2013-05-28 20:07:15,499,NA,NA,TRUE,FALSE,1189,"en",FALSE,FALSE,FALSE,"C0DEED","http://pbs.twimg.com/profile_background_images/880098715/9d8fd7285f0f0a1b166866853701c1ee.jpeg","https://pbs.twimg.com/profile_background_images/880098715/9d8fd7285f0f0a1b166866853701c1ee.jpeg",TRUE,"http://pbs.twimg.com/profile_images/559695973417357312/PCs4o_op_normal.jpeg","https://pbs.twimg.com/profile_images/559695973417357312/PCs4o_op_normal.jpeg","http://pbs.twimg.com/profile_images/559695973417357312/PCs4o_op_normal.jpeg","https://pbs.twimg.com/profile_images/559695973417357312/PCs4o_op_normal.jpeg","ABB8C2","FFFFFF","DDEEF6","333333",TRUE,FALSE,FALSE,"https://pbs.twimg.com/profile_banners/1465579280/1410905995"
"2573029590","Eloise Donnelly","eloisedonnelly",NA,"@BritishMuseum CDA PhD Candidate @Cambridge_Uni researching History of Collecting 1850-1900. Previously @NationalGallery Curatorial Trainee @YorkArtGallery",FALSE,366,447,6,2014-06-17 14:51:38,105,3600,"Amsterdam",FALSE,FALSE,646,"en-gb",FALSE,FALSE,FALSE,"C0DEED","http://abs.twimg.com/images/themes/theme1/bg.png","https://abs.twimg.com/images/themes/theme1/bg.png",FALSE,"http://pbs.twimg.com/profile_images/478924761192361984/XNVQ4Bxd_normal.jpeg","https://pbs.twimg.com/profile_images/478924761192361984/XNVQ4Bxd_normal.jpeg","http://pbs.twimg.com/profile_images/478924761192361984/XNVQ4Bxd_normal.jpeg","https://pbs.twimg.com/profile_images/478924761192361984/XNVQ4Bxd_normal.jpeg","1DA1F2","C0DEED","DDEEF6","333333",TRUE,TRUE,FALSE,"https://pbs.twimg.com/profile_banners/2573029590/1437903626"
"157135017","Miranda Schiller","mirandadadada","London, England","podcaster at https://t.co/9paHNH8dbj, Dep Ed at @TLE_Film, family learning facilitator at @Britishmuseum, educator at @ltmuseum, volunteer at @V_and_A",FALSE,359,953,13,2010-06-18 23:40:08,142,0,"London",FALSE,FALSE,1387,"en",FALSE,FALSE,FALSE,"C0DEED","http://abs.twimg.com/images/themes/theme1/bg.png","https://abs.twimg.com/images/themes/theme1/bg.png",FALSE,"http://pbs.twimg.com/profile_images/1004408811/8524_1200298938510_1559660724_484378_2559083_n_normal.jpg","https://pbs.twimg.com/profile_images/1004408811/8524_1200298938510_1559660724_484378_2559083_n_normal.jpg","http://pbs.twimg.com/profile_images/1004408811/8524_1200298938510_1559660724_484378_2559083_n_normal.jpg","https://pbs.twimg.com/profile_images/1004408811/8524_1200298938510_1559660724_484378_2559083_n_normal.jpg","1DA1F2","C0DEED","DDEEF6","333333",TRUE,TRUE,FALSE,"https://pbs.twimg.com/profile_banners/157135017/1358369503"
"486661026","Vikki Jessop","VikkiJessop","London","Assistant Collections Manager (Ancient Egypt & Sudan) @BritishMuseum. Own views. Architecture/fencing/baking/flying trapeze enthusiast.",FALSE,357,284,13,2012-02-08 14:41:30,565,0,"Casablanca",FALSE,FALSE,3368,"en",FALSE,FALSE,FALSE,"2F4F4F","http://pbs.twimg.com/profile_background_images/532737334/saleeeef..JPG","https://pbs.twimg.com/profile_background_images/532737334/saleeeef..JPG",FALSE,"http://pbs.twimg.com/profile_images/775300093255843840/1uxA4_QM_normal.jpg","https://pbs.twimg.com/profile_images/775300093255843840/1uxA4_QM_normal.jpg","http://pbs.twimg.com/profile_images/775300093255843840/1uxA4_QM_normal.jpg","https://pbs.twimg.com/profile_images/775300093255843840/1uxA4_QM_normal.jpg","19CF86","D9B17E","EADEAA","333333",TRUE,FALSE,FALSE,"https://pbs.twimg.com/profile_banners/486661026/1363555582"
"50264992","Ella Lewis-Collins","ellalc","Brighton, UK","Marketing Manager at @britishmuseum. Lover of ancient history, film, theatre, opera, art, Eurovision, vintage clothes & old stuff. Views my own.",FALSE,351,915,22,2009-06-24 09:51:00,368,NA,NA,TRUE,FALSE,496,"en",FALSE,FALSE,FALSE,"C0DEED","http://abs.twimg.com/images/themes/theme1/bg.png","https://abs.twimg.com/images/themes/theme1/bg.png",FALSE,"http://pbs.twimg.com/profile_images/439073346076938240/hU4fL6Qh_normal.jpeg","https://pbs.twimg.com/profile_images/439073346076938240/hU4fL6Qh_normal.jpeg","http://pbs.twimg.com/profile_images/439073346076938240/hU4fL6Qh_normal.jpeg","https://pbs.twimg.com/profile_images/439073346076938240/hU4fL6Qh_normal.jpeg","1DA1F2","C0DEED","DDEEF6","333333",TRUE,TRUE,FALSE,"https://pbs.twimg.com/profile_banners/50264992/1393525800"
"3004074983","Sarah Vowles","SarahVowlesBM","London","Curator of Italian and French Prints and Drawings @britishmuseum. Curator of #FrenchPortraits. All views expressed are my own.",FALSE,327,135,5,2015-01-29 11:25:38,102,0,"Dublin",TRUE,FALSE,232,"en-gb",FALSE,FALSE,TRUE,"000000","http://abs.twimg.com/images/themes/theme1/bg.png","https://abs.twimg.com/images/themes/theme1/bg.png",FALSE,"http://pbs.twimg.com/profile_images/794540265788866565/h8pBPuHX_normal.jpg","https://pbs.twimg.com/profile_images/794540265788866565/h8pBPuHX_normal.jpg","http://pbs.twimg.com/profile_images/794540265788866565/h8pBPuHX_normal.jpg","https://pbs.twimg.com/profile_images/794540265788866565/h8pBPuHX_normal.jpg","FAB81E","000000","000000","000000",FALSE,FALSE,FALSE,"https://pbs.twimg.com/profile_banners/3004074983/1478268171"
"299271351","Joe Edwards","joeedwards26","London","Public Affairs Manager @britishmuseum  Tweets on museums, culture, music, politics, cycling and more. Own views held.",FALSE,311,773,5,2011-05-15 19:55:01,73,NA,NA,TRUE,FALSE,972,"en",FALSE,FALSE,FALSE,"C0DEED","http://pbs.twimg.com/profile_background_images/274695535/eric.jpg","https://pbs.twimg.com/profile_background_images/274695535/eric.jpg",TRUE,"http://pbs.twimg.com/profile_images/765504469136187392/TREBp66g_normal.jpg","https://pbs.twimg.com/profile_images/765504469136187392/TREBp66g_normal.jpg","http://pbs.twimg.com/profile_images/765504469136187392/TREBp66g_normal.jpg","https://pbs.twimg.com/profile_images/765504469136187392/TREBp66g_normal.jpg","1B95E0","C0DEED","DDEEF6","333333",TRUE,FALSE,FALSE,"https://pbs.twimg.com/profile_banners/299271351/1471346868"
"762099356","Nicola Crompton","allthebigtrees_","London","Conservation Technician @NHM_London. Former Assistant Collections Manager @BritishMuseum. Girl mostly in the company of plants. views my own.",FALSE,291,304,5,2012-08-16 18:42:44,3438,NA,NA,FALSE,FALSE,574,"en",FALSE,FALSE,FALSE,"C0DEED","http://pbs.twimg.com/profile_background_images/442791937368530944/MA4kcZch.jpeg","https://pbs.twimg.com/profile_background_images/442791937368530944/MA4kcZch.jpeg",TRUE,"http://pbs.twimg.com/profile_images/736182450058080257/xR1zZGVa_normal.jpg","https://pbs.twimg.com/profile_images/736182450058080257/xR1zZGVa_normal.jpg","http://pbs.twimg.com/profile_images/736182450058080257/xR1zZGVa_normal.jpg","https://pbs.twimg.com/profile_images/736182450058080257/xR1zZGVa_normal.jpg","ABB8C2","FFFFFF","DDEEF6","333333",TRUE,FALSE,FALSE,"https://pbs.twimg.com/profile_banners/762099356/1450639652"
"266613076","Nick Harris","2ndthoughttank",NA,"Digital Creative Producer @BritishMuseum Presenter/Producer of British Museum Podcast | YouTube channel manager/producer | also @bbc Talent Pooler",FALSE,291,607,9,2011-03-15 14:27:38,333,0,"London",FALSE,FALSE,459,"en",FALSE,FALSE,FALSE,"C0DEED","http://pbs.twimg.com/profile_background_images/866565406/98eef26c1078a801b04bc58cc03c2d6b.jpeg","https://pbs.twimg.com/profile_background_images/866565406/98eef26c1078a801b04bc58cc03c2d6b.jpeg",FALSE,"http://pbs.twimg.com/profile_images/834327352440156160/Y2SqtRy-_normal.jpg","https://pbs.twimg.com/profile_images/834327352440156160/Y2SqtRy-_normal.jpg","http://pbs.twimg.com/profile_images/834327352440156160/Y2SqtRy-_normal.jpg","https://pbs.twimg.com/profile_images/834327352440156160/Y2SqtRy-_normal.jpg","0084B4","FFFFFF","DDEEF6","333333",TRUE,FALSE,FALSE,"https://pbs.twimg.com/profile_banners/266613076/1484916261"
"2844795296","Alexandra Fletcher","SwerveFletcher",NA,"Enthusiasm rich, time poor, museum curator with nerdy academic tendencies. Work @britishmuseum. Thoughts here, such as they are, my own.",FALSE,280,233,8,2014-10-07 21:13:23,455,0,"London",TRUE,FALSE,544,"en-gb",FALSE,FALSE,FALSE,"C0DEED","http://abs.twimg.com/images/themes/theme1/bg.png","https://abs.twimg.com/images/themes/theme1/bg.png",FALSE,"http://pbs.twimg.com/profile_images/629339538440224768/PWtlRtBk_normal.jpg","https://pbs.twimg.com/profile_images/629339538440224768/PWtlRtBk_normal.jpg","http://pbs.twimg.com/profile_images/629339538440224768/PWtlRtBk_normal.jpg","https://pbs.twimg.com/profile_images/629339538440224768/PWtlRtBk_normal.jpg","1DA1F2","C0DEED","DDEEF6","333333",TRUE,TRUE,FALSE,"https://pbs.twimg.com/profile_banners/2844795296/1475767772"
"3121615741","Lucy Ellis","lucyj_e",NA,"Assistant Collections Manager, @britishmuseum. Objects, archaeology, museums & galleries, prehistory. Views are my own.",FALSE,272,193,9,2015-03-31 20:32:10,378,0,"Dublin",TRUE,FALSE,291,"en",FALSE,FALSE,FALSE,"B2DFDA","http://abs.twimg.com/images/themes/theme13/bg.gif","https://abs.twimg.com/images/themes/theme13/bg.gif",FALSE,"http://pbs.twimg.com/profile_images/811225330002395136/UOceOLxj_normal.jpg","https://pbs.twimg.com/profile_images/811225330002395136/UOceOLxj_normal.jpg","http://pbs.twimg.com/profile_images/811225330002395136/UOceOLxj_normal.jpg","https://pbs.twimg.com/profile_images/811225330002395136/UOceOLxj_normal.jpg","93A644","EEEEEE","FFFFFF","333333",TRUE,FALSE,FALSE,"https://pbs.twimg.com/profile_banners/3121615741/1477246458"
"797127398416326656","Judy Rudoe","judy_rudoe","London, England","Curator @britishmuseum: Europe 1700 to the present: ceramics, glass, jewellery, micromosaics, metalwork, basketry, traditional textiles and costume",FALSE,268,272,14,2016-11-11 17:22:36,95,NA,NA,FALSE,FALSE,112,"en",FALSE,FALSE,FALSE,"F5F8FA",NA,NA,FALSE,"http://pbs.twimg.com/profile_images/810968695317135365/lqY6xnMq_normal.jpg","https://pbs.twimg.com/profile_images/810968695317135365/lqY6xnMq_normal.jpg","http://pbs.twimg.com/profile_images/810968695317135365/lqY6xnMq_normal.jpg","https://pbs.twimg.com/profile_images/810968695317135365/lqY6xnMq_normal.jpg","1DA1F2","C0DEED","DDEEF6","333333",TRUE,TRUE,FALSE,"https://pbs.twimg.com/profile_banners/797127398416326656/1482496320"
"948089377","Coline Cuau","ColineCuau","London, England","Museums stalker and digital innovations enthusiast by night. Visitor insights @britishmuseum by day. French cheese expert in between.",FALSE,266,477,39,2012-11-14 16:44:27,366,-28800,"Pacific Time (US & Canada)",TRUE,FALSE,560,"fr",FALSE,FALSE,FALSE,"C0DEED","http://abs.twimg.com/images/themes/theme1/bg.png","https://abs.twimg.com/images/themes/theme1/bg.png",FALSE,"http://pbs.twimg.com/profile_images/689128066380107776/THA9Od27_normal.jpg","https://pbs.twimg.com/profile_images/689128066380107776/THA9Od27_normal.jpg","http://pbs.twimg.com/profile_images/689128066380107776/THA9Od27_normal.jpg","https://pbs.twimg.com/profile_images/689128066380107776/THA9Od27_normal.jpg","1DA1F2","C0DEED","DDEEF6","333333",TRUE,TRUE,FALSE,"https://pbs.twimg.com/profile_banners/948089377/1410900878"
"2905094967","Katharine Hoare","katharinehoare","to be found near learning ","working at education for the masses and experimenting with new ways for everybody to engage in creative heritage learning @britishmuseum  
All views my own.",FALSE,253,317,14,2014-12-04 14:24:21,2008,-28800,"Pacific Time (US & Canada)",FALSE,FALSE,1387,"en-gb",FALSE,FALSE,FALSE,"000000","http://abs.twimg.com/images/themes/theme1/bg.png","https://abs.twimg.com/images/themes/theme1/bg.png",FALSE,"http://pbs.twimg.com/profile_images/540571384070406144/2B_voc-U_normal.jpeg","https://pbs.twimg.com/profile_images/540571384070406144/2B_voc-U_normal.jpeg","http://pbs.twimg.com/profile_images/540571384070406144/2B_voc-U_normal.jpeg","https://pbs.twimg.com/profile_images/540571384070406144/2B_voc-U_normal.jpeg","9266CC","000000","000000","000000",FALSE,FALSE,FALSE,"https://pbs.twimg.com/profile_banners/2905094967/1417717473"
"60697213","Nick Maynard","NicholasNakon","East London","Director of Finance & Resources at @artfund ex @britishmuseum #art #design #museums #tech #innovation #finance #swfc",FALSE,252,329,11,2009-07-27 20:14:28,160,NA,NA,TRUE,FALSE,1192,"en",FALSE,FALSE,FALSE,"FFFFFF","http://abs.twimg.com/images/themes/theme1/bg.png","https://abs.twimg.com/images/themes/theme1/bg.png",FALSE,"http://pbs.twimg.com/profile_images/758771923870507008/t5ZHbPuh_normal.jpg","https://pbs.twimg.com/profile_images/758771923870507008/t5ZHbPuh_normal.jpg","http://pbs.twimg.com/profile_images/758771923870507008/t5ZHbPuh_normal.jpg","https://pbs.twimg.com/profile_images/758771923870507008/t5ZHbPuh_normal.jpg","84AEBD","4F4F4F","6E7A80","333333",FALSE,FALSE,FALSE,"https://pbs.twimg.com/profile_banners/60697213/1460649971"
"449332897","Georgia Mallin","GeorgiaMallin","London, England","arts//travel//food//museums//peanut butter//books. @britishmuseum employee, all tweets & opinions my own.",FALSE,233,549,8,2011-12-29 00:49:34,1156,0,"London",TRUE,FALSE,385,"en",FALSE,FALSE,FALSE,"87C1C7","http://abs.twimg.com/images/themes/theme6/bg.gif","https://abs.twimg.com/images/themes/theme6/bg.gif",FALSE,"http://pbs.twimg.com/profile_images/809745953221672960/kuthYulq_normal.jpg","https://pbs.twimg.com/profile_images/809745953221672960/kuthYulq_normal.jpg","http://pbs.twimg.com/profile_images/809745953221672960/kuthYulq_normal.jpg","https://pbs.twimg.com/profile_images/809745953221672960/kuthYulq_normal.jpg","FF3300","94CED1","A4D8DB","333333",TRUE,FALSE,FALSE,"https://pbs.twimg.com/profile_banners/449332897/1462831207"
"3014136311","Lewis Chessmen","Lewis_Chessman",NA,"I escaped @britishmuseum to support @pcs_union #strike @NationalGallery & save Culture #ReinstateCandy",FALSE,230,758,2,2015-02-03 08:24:30,68,NA,NA,FALSE,FALSE,259,"en",FALSE,FALSE,FALSE,"C0DEED","http://abs.twimg.com/images/themes/theme1/bg.png","https://abs.twimg.com/images/themes/theme1/bg.png",FALSE,"http://pbs.twimg.com/profile_images/599308489748520960/Y_ezEXA4_normal.jpg","https://pbs.twimg.com/profile_images/599308489748520960/Y_ezEXA4_normal.jpg","http://pbs.twimg.com/profile_images/599308489748520960/Y_ezEXA4_normal.jpg","https://pbs.twimg.com/profile_images/599308489748520960/Y_ezEXA4_normal.jpg","1DA1F2","C0DEED","DDEEF6","333333",TRUE,TRUE,FALSE,"https://pbs.twimg.com/profile_banners/3014136311/1431721251"
"126141492","Kate Carter","flatteringpanda","London","Senior Marketing Manager @britishmuseum (views my own). Tweets about food, arts and feminism, if you please.",FALSE,219,198,18,2010-03-24 23:40:58,238,-36000,"Hawaii",FALSE,FALSE,340,"en",FALSE,FALSE,FALSE,"9FA5A6","http://abs.twimg.com/images/themes/theme17/bg.gif","https://abs.twimg.com/images/themes/theme17/bg.gif",FALSE,"http://pbs.twimg.com/profile_images/491926318796509184/E-1muWiT_normal.jpeg","https://pbs.twimg.com/profile_images/491926318796509184/E-1muWiT_normal.jpeg","http://pbs.twimg.com/profile_images/491926318796509184/E-1muWiT_normal.jpeg","https://pbs.twimg.com/profile_images/491926318796509184/E-1muWiT_normal.jpeg","CC3366","752328","BD7F82","7A4247",TRUE,FALSE,FALSE,"https://pbs.twimg.com/profile_banners/126141492/1412151386"
"278723168","Hannah Boulton","boodlemum","London ","Head of Press and Marketing  @britishmuseum, though all opinions my own",FALSE,212,175,5,2011-04-07 20:59:59,16,NA,NA,FALSE,FALSE,200,"en",FALSE,FALSE,FALSE,"C0DEED","http://abs.twimg.com/images/themes/theme1/bg.png","https://abs.twimg.com/images/themes/theme1/bg.png",FALSE,"http://pbs.twimg.com/profile_images/737547021825888256/fhx_PbCZ_normal.jpg","https://pbs.twimg.com/profile_images/737547021825888256/fhx_PbCZ_normal.jpg","http://pbs.twimg.com/profile_images/737547021825888256/fhx_PbCZ_normal.jpg","https://pbs.twimg.com/profile_images/737547021825888256/fhx_PbCZ_normal.jpg","1DA1F2","C0DEED","DDEEF6","333333",TRUE,TRUE,FALSE,"https://pbs.twimg.com/profile_banners/278723168/1486374792"
"775352978362490880","dalzielproject","dalzielproject",NA,"@ahrcpress project on Victorian Wood Engravers Dalziel Brothers @sussexuni and @britishmuseum. Tweets by @bethankstevens and @georgiemind",FALSE,207,231,9,2016-09-12 15:18:50,155,NA,NA,FALSE,FALSE,252,"en",FALSE,FALSE,FALSE,"F5F8FA",NA,NA,FALSE,"http://pbs.twimg.com/profile_images/775353438167306240/htUGjDFN_normal.jpg","https://pbs.twimg.com/profile_images/775353438167306240/htUGjDFN_normal.jpg","http://pbs.twimg.com/profile_images/775353438167306240/htUGjDFN_normal.jpg","https://pbs.twimg.com/profile_images/775353438167306240/htUGjDFN_normal.jpg","1DA1F2","C0DEED","DDEEF6","333333",TRUE,TRUE,FALSE,"https://pbs.twimg.com/profile_banners/775352978362490880/1473694045"
"1670109403","Polly Bence","BencePolly","London, England","Curator, Oceania @britishmuseum Micronesian collections in the UK, collection and storage moves. All views are my own.",FALSE,191,329,7,2013-08-14 09:50:34,379,NA,NA,TRUE,FALSE,227,"en-gb",FALSE,FALSE,FALSE,"000000","http://abs.twimg.com/images/themes/theme1/bg.png","https://abs.twimg.com/images/themes/theme1/bg.png",FALSE,"http://pbs.twimg.com/profile_images/718032894212587520/x1AyZjmr_normal.jpg","https://pbs.twimg.com/profile_images/718032894212587520/x1AyZjmr_normal.jpg","http://pbs.twimg.com/profile_images/718032894212587520/x1AyZjmr_normal.jpg","https://pbs.twimg.com/profile_images/718032894212587520/x1AyZjmr_normal.jpg","89C9FA","000000","000000","000000",FALSE,FALSE,FALSE,"https://pbs.twimg.com/profile_banners/1670109403/1460027357"
"4218477795","Eleanor Soo-ah Hyun","EleanorSHyunBM","London, England","Curator of the Korean Collections @britishmuseum / Focuses on Chinese art too/New Yorker / Into sports, arts, and pop culture / All tweets are my own",FALSE,172,130,3,2015-11-18 14:21:01,138,-28800,"Pacific Time (US & Canada)",TRUE,FALSE,301,"en",FALSE,FALSE,FALSE,"C0DEED","http://abs.twimg.com/images/themes/theme1/bg.png","https://abs.twimg.com/images/themes/theme1/bg.png",FALSE,"http://pbs.twimg.com/profile_images/668148364614221824/CLJszQy7_normal.jpg","https://pbs.twimg.com/profile_images/668148364614221824/CLJszQy7_normal.jpg","http://pbs.twimg.com/profile_images/668148364614221824/CLJszQy7_normal.jpg","https://pbs.twimg.com/profile_images/668148364614221824/CLJszQy7_normal.jpg","1DA1F2","C0DEED","DDEEF6","333333",TRUE,TRUE,FALSE,NA
"605738363","Kate Morais","K8tini","London","Press Officer @britishmuseum, panda lover and occasional masquerader... all views are mine",FALSE,147,250,11,2012-06-11 20:54:03,335,-14400,"Atlantic Time (Canada)",TRUE,FALSE,1028,"en",FALSE,FALSE,FALSE,"131516","http://abs.twimg.com/images/themes/theme14/bg.gif","https://abs.twimg.com/images/themes/theme14/bg.gif",TRUE,"http://pbs.twimg.com/profile_images/601095997347893248/If0CnX1V_normal.jpg","https://pbs.twimg.com/profile_images/601095997347893248/If0CnX1V_normal.jpg","http://pbs.twimg.com/profile_images/601095997347893248/If0CnX1V_normal.jpg","https://pbs.twimg.com/profile_images/601095997347893248/If0CnX1V_normal.jpg","009999","EEEEEE","EFEFEF","333333",TRUE,FALSE,FALSE,"https://pbs.twimg.com/profile_banners/605738363/1429995811"
"47461791","aisa martinez","asiabackwards",NA,"hodge-podge of curiosities related to london, america, arabia, etc. @britishmuseum curator + @TheBFSA trustee for a spell. all tweetering my own.",FALSE,144,256,0,2009-06-15 22:17:50,1329,0,"London",TRUE,FALSE,2669,"en",FALSE,FALSE,FALSE,"9AE4E8","http://abs.twimg.com/images/themes/theme16/bg.gif","https://abs.twimg.com/images/themes/theme16/bg.gif",FALSE,"http://pbs.twimg.com/profile_images/819305697745793026/5xbha89j_normal.jpg","https://pbs.twimg.com/profile_images/819305697745793026/5xbha89j_normal.jpg","http://pbs.twimg.com/profile_images/819305697745793026/5xbha89j_normal.jpg","https://pbs.twimg.com/profile_images/819305697745793026/5xbha89j_normal.jpg","94D487","BDDCAD","DDFFCC","333333",TRUE,FALSE,FALSE,"https://pbs.twimg.com/profile_banners/47461791/1389646254"
"802114145214668800","Rob Webley","Rob_Webley","Wiveliscombe, England","Archaeologist @britishmuseum, Student @UoYArchaeology, Daddy, European and Wannabe Barista (not always in that order).  All views my own.",FALSE,112,170,3,2016-11-25 11:38:09,56,-28800,"Pacific Time (US & Canada)",FALSE,FALSE,19,"en-gb",FALSE,FALSE,FALSE,"000000","http://abs.twimg.com/images/themes/theme1/bg.png","https://abs.twimg.com/images/themes/theme1/bg.png",FALSE,"http://pbs.twimg.com/profile_images/806639938229899264/lA1H3Jjt_normal.jpg","https://pbs.twimg.com/profile_images/806639938229899264/lA1H3Jjt_normal.jpg","http://pbs.twimg.com/profile_images/806639938229899264/lA1H3Jjt_normal.jpg","https://pbs.twimg.com/profile_images/806639938229899264/lA1H3Jjt_normal.jpg","1B95E0","000000","000000","000000",FALSE,FALSE,FALSE,"https://pbs.twimg.com/profile_banners/802114145214668800/1481240679"
"3710512158","ÂÜÜË∞∑","Britishmuseum15",NA,NA,TRUE,8,15,0,2015-09-28 03:41:39,213,NA,NA,FALSE,FALSE,344,"en",FALSE,FALSE,FALSE,"C0DEED","http://abs.twimg.com/images/themes/theme1/bg.png","https://abs.twimg.com/images/themes/theme1/bg.png",FALSE,"http://pbs.twimg.com/profile_images/794839335400980481/Tmhlx3fz_normal.jpg","https://pbs.twimg.com/profile_images/794839335400980481/Tmhlx3fz_normal.jpg","http://pbs.twimg.com/profile_images/794839335400980481/Tmhlx3fz_normal.jpg","https://pbs.twimg.com/profile_images/794839335400980481/Tmhlx3fz_normal.jpg","1DA1F2","C0DEED","DDEEF6","333333",TRUE,TRUE,FALSE,"https://pbs.twimg.com/profile_banners/3710512158/1478861126"
